Workbook

Sheet Prospects
A1: Outreach Prospects
A2: Starter list from public sources. Verify each firm, find the right contact, then work down by priority.
A4: Priority | B4: Firm | C4: Sector | D4: Location | E4: What they do / why they fit | F4: Source / website | G4: Contact name | H4: Role | I4: Phone | J4: Email | K4: Status | L4: Date contacted | M4: Follow up by (auto) | N4: Next action | O4: Notes
A5: A | B5: FM Extrusions | C5: Extruder | D5: Worsley, Manchester | E5: PVC flooring and tile trims; develops non-standard PVC and recycles it. Regrind-heavy, likely small team. | F5: fmextrusions.co.uk | K5: To research | M5: =IF($L5="","",$L5+7)
A6: A | B6: Pro-Fab Welding Services Ltd | C6: Fabricator | D6: Richmond Hill, Douglas, IoM | E6: Welding and metal fabrication, bespoke jobs plus galvanising and paint finishing. Local, job-costing fit. | F6: facebook.com/ProFabIOM | K6: To research | M6: =IF($L6="","",$L6+7)
A7: A | B7: DAS Fabrications | C7: Fabricator | D7: Hills Meadow, Douglas, IoM | E7: Steelwork and fabrication. Local. | F7: Daily Post business directory (Isle of Man, steel fabrications) | K7: To research | M7: =IF($L7="","",$L7+7)
A8: A | B8: A&B Metal Fabrications Ltd | C8: Fabricator | D8: Douglas, IoM | E8: Structural steel and cladding. Local. | F8: facebook.com/AandBMetalFabricationsLtdStructuralSteelCladding | K8: To research | M8: =IF($L8="","",$L8+7)
A9: B | B9: MKM Extrusions Ltd | C9: Extruder | D9: Check location | E9: PVC angles, flats, channels and custom profiles with in-house tooling. | F9: mkmplastics.com | K9: To research | M9: =IF($L9="","",$L9+7)
A10: B | B10: Windmill Extrusions | C10: Extruder | D10: Check location | E10: Standard and bespoke profiles in PVC, HDPE, PP and polycarbonate. | F10: windmill-unilux.com | K10: To research | M10: =IF($L10="","",$L10+7)
A11: B | B11: Customised Packaging Ltd | C11: Extruder | D11: Denton, Manchester | E11: Listed as a plastic extrusion provider. Check what they run. | F11: GlobalSpec UK extrusion listing | K11: To research | M11: =IF($L11="","",$L11+7)
A12: B | B12: Tatra Rotalac Ltd | C12: Extruder | D12: Manchester | E12: Extrusion, co-extrusion and PVC profiles, 80+ years. May already have an ERP; check size. | F12: tatra-rotalac.com | K12: To research | M12: =IF($L12="","",$L12+7)
A13: B | B13: Manx Engineers Ltd | C13: Light engineering | D13: Isle of Man | E13: Listed under industrial machinery. Confirm what they do and whether still trading. | F13: AroundDeal IoM machinery listing | K13: To research | M13: =IF($L13="","",$L13+7)
A14: B | B14: Structural steelwork and cladding firm, Andreas | C14: Fabricator | D14: Oatlands Road, Andreas, IoM | E14: Agricultural and industrial steelwork and cladding. Name to confirm on isleofman.com. | F14: isleofman.com search: steel fabrications | K14: To research | M14: =IF($L14="","",$L14+7)
A15: C | B15: Britton Merlin Ltd | C15: Extruder | D15: Winsford, Cheshire | E15: Listed as a plastic extrusion provider. Check size; may be part of a larger group. | F15: GlobalSpec UK extrusion listing | K15: To research | M15: =IF($L15="","",$L15+7)
A16: C | B16: Manplas Ltd | C16: Extruder | D16: Check location | E16: Polyolefin sheet and roll extrusion with reprocessed content. Check size and location. | F16: manplas.co.uk | K16: To research | M16: =IF($L16="","",$L16+7)
A17: C | B17: AgriWeld IOM | C17: Fabricator | D17: Ballasalla, IoM | E17: Welding repairs and construction, mainly farming. Probably too small, but a local contact. | F17: facebook.com/AgriWeldIOM | K17: To research | M17: =IF($L17="","",$L17+7)
M18: =IF($L18="","",$L18+7)
M19: =IF($L19="","",$L19+7)
M20: =IF($L20="","",$L20+7)
M21: =IF($L21="","",$L21+7)
M22: =IF($L22="","",$L22+7)
M23: =IF($L23="","",$L23+7)
M24: =IF($L24="","",$L24+7)
M25: =IF($L25="","",$L25+7)
M26: =IF($L26="","",$L26+7)
M27: =IF($L27="","",$L27+7)
M28: =IF($L28="","",$L28+7)
M29: =IF($L29="","",$L29+7)
... M64: =IF($L64="","",$L64+7)

Sheet Pipeline
A1: Pipeline
A2: Counts update from the Prospects tab.
A4: Status | B4: Firms
A5: To research | B5: =COUNTIF(Prospects!$K$5:$K$64,A5) -> 13
A6: Ready to contact | B6: =COUNTIF(Prospects!$K$5:$K$64,A6) -> 0
A7: Emailed | B7: =COUNTIF(Prospects!$K$5:$K$64,A7) -> 0
A8: Called | B8: =COUNTIF(Prospects!$K$5:$K$64,A8) -> 0
A9: Replied | B9: =COUNTIF(Prospects!$K$5:$K$64,A9) -> 0
A10: Meeting booked | B10: =COUNTIF(Prospects!$K$5:$K$64,A10) -> 0
A11: Pilot agreed | B11: =COUNTIF(Prospects!$K$5:$K$64,A11) -> 0
A12: Not now | B12: =COUNTIF(Prospects!$K$5:$K$64,A12) -> 0
A13: Not interested | B13: =COUNTIF(Prospects!$K$5:$K$64,A13) -> 0
A15: Follow-ups due now | B15: =SUMPRODUCT((Prospects!$M$5:$M$64<>"")*(Prospects!$M$5:$M$64<=TODAY())*((Prospects!$K$5:$K$64="Emailed")+(Prospects!$K$5:$K$64="Called"))) -> 0

Sheet Where to find more
A1: Where to find more firms
A2: Aim for 30–50 in total. Local first, then the North West of England.
A4: Engineering Sector IoM | B4: engineeringiom.com/companies: member list of Island engineering and manufacturing firms. Open it in your browser.
A5: isleofman.com business directory | B5: Search categories such as engineers, steel fabrications, welding and plastics.
A6: manx.life directory | B6: Engineers, metal welding and structural categories, searchable by area.
A7: IoM Chamber of Commerce | B7: Member directory and events; manufacturing members are ideal.
A8: British Plastics Federation | B8: Member directory: filter for extrusion and profiles; many small NW England firms.
A9: Your own industry knowledge | B9: Suppliers of regrind granulators, masterbatch and tooling know which small extruders exist.
A11: Keep it clean | B11: Don't use contacts, customer lists or supplier details from your day job, and steer clear of firms that compete with, buy from or supply your employer.
